id,tool_name,description,category,quantity_total,quantity_available,location_storage_id,location_description,purchase_date,last_maintenance_date,,
1,Infusion Pump 1,Medical equipment for patient care,Surgical,1,1,20006,Medical Equipment Storage,20-03-2022,07-03-2025,,
2,Ventilator 2,Medical equipment for patient care,Diagnostic,1,1,20020,Laboratory Storage,14-01-2025,04-04-2025,,
3,Infusion Pump 3,Medical equipment for patient care,Life Support,1,1,20005,Laboratory Storage,27-10-2020,08-03-2025,,
4,Stethoscope 4,Medical equipment for patient care,Surgical,1,1,20014,Emergency Equipment Storage,07-03-2021,15-03-2025,,
5,Blood Pressure Monitor 5,Medical equipment for patient care,Diagnostic,1,1,20010,Laboratory Storage,15-09-2022,13-05-2025,,
6,ECG Machine 6,Medical equipment for patient care,Diagnostic,1,1,20045,Laboratory Storage,18-05-2024,16-03-2025,,
7,Defibrillator 7,Medical equipment for patient care,Surgical,1,1,20035,Laboratory Storage,24-04-2021,10-05-2025,,
8,Blood Pressure Monitor 8,Medical equipment for patient care,Surgical,1,1,20028,Surgical Supplies Storage,24-05-2024,19-03-2025,,
9,ECG Machine 9,Medical equipment for patient care,Diagnostic,1,1,20016,Medical Equipment Storage,07-03-2021,21-03-2025,,
10,Pulse Oximeter 10,Medical equipment for patient care,Diagnostic,1,1,20030,Laboratory Storage,22-12-2024,26-05-2025,,
11,Defibrillator 11,Medical equipment for patient care,Life Support,1,1,20023,Surgical Supplies Storage,15-03-2022,27-04-2025,,
12,Stethoscope 12,Medical equipment for patient care,Life Support,1,1,20002,Pharmaceutical Storage,22-03-2024,23-04-2025,,
13,Ventilator 13,Medical equipment for patient care,Life Support,1,1,20005,Laboratory Storage,08-02-2024,16-03-2025,,
14,Stethoscope 14,Medical equipment for patient care,Monitoring,1,1,20005,Laboratory Storage,29-11-2024,20-05-2025,,
15,Defibrillator 15,Medical equipment for patient care,Life Support,1,1,20048,Surgical Supplies Storage,27-10-2024,01-04-2025,,
16,Pulse Oximeter 16,Medical equipment for patient care,Monitoring,1,1,20009,Emergency Equipment Storage,23-07-2022,15-05-2025,,
17,Blood Pressure Monitor 17,Medical equipment for patient care,Diagnostic,1,1,20040,Laboratory Storage,20-11-2023,25-03-2025,,
18,Pulse Oximeter 18,Medical equipment for patient care,Diagnostic,1,1,20048,Surgical Supplies Storage,27-03-2025,30-03-2025,,
19,Infusion Pump 19,Medical equipment for patient care,Life Support,1,1,20044,Emergency Equipment Storage,04-11-2020,22-03-2025,,
20,ECG Machine 20,Medical equipment for patient care,Diagnostic,1,1,20019,Emergency Equipment Storage,13-04-2023,11-05-2025,,
21,ECG Machine 21,Medical equipment for patient care,Monitoring,1,1,20047,Pharmaceutical Storage,28-08-2022,03-04-2025,,
22,ECG Machine 22,Medical equipment for patient care,Diagnostic,1,1,20007,Pharmaceutical Storage,12-04-2025,19-05-2025,,
23,Stethoscope 23,Medical equipment for patient care,Monitoring,1,1,20025,Laboratory Storage,02-12-2023,24-04-2025,,
24,Infusion Pump 24,Medical equipment for patient care,Monitoring,1,1,20037,Pharmaceutical Storage,15-03-2021,30-05-2025,,
25,Blood Pressure Monitor 25,Medical equipment for patient care,Surgical,1,1,20042,Pharmaceutical Storage,12-08-2022,20-03-2025,,
26,Thermometer 26,Medical equipment for patient care,Monitoring,1,1,20048,Surgical Supplies Storage,26-11-2020,14-05-2025,,
27,Infusion Pump 27,Medical equipment for patient care,Surgical,1,1,20029,Emergency Equipment Storage,01-10-2020,29-04-2025,,
28,Pulse Oximeter 28,Medical equipment for patient care,Surgical,1,1,20023,Surgical Supplies Storage,05-01-2023,01-06-2025,,
29,Infusion Pump 29,Medical equipment for patient care,Monitoring,1,1,20043,Surgical Supplies Storage,23-06-2023,19-04-2025,,
30,Stethoscope 30,Medical equipment for patient care,Surgical,1,1,20031,Medical Equipment Storage,05-02-2023,26-04-2025,,
31,Thermometer 31,Medical equipment for patient care,Diagnostic,1,1,20009,Emergency Equipment Storage,18-03-2025,13-04-2025,,
32,Ventilator 32,Medical equipment for patient care,Monitoring,1,1,20045,Laboratory Storage,30-05-2021,29-04-2025,,
33,Ventilator 33,Medical equipment for patient care,Diagnostic,1,1,20018,Surgical Supplies Storage,29-04-2023,15-05-2025,,
34,Stethoscope 34,Medical equipment for patient care,Monitoring,1,1,20021,Medical Equipment Storage,13-10-2023,15-04-2025,,
35,Ventilator 35,Medical equipment for patient care,Life Support,1,1,20023,Surgical Supplies Storage,04-07-2021,13-04-2025,,
36,Thermometer 36,Medical equipment for patient care,Surgical,1,1,20036,Medical Equipment Storage,27-06-2024,29-04-2025,,
37,Stethoscope 37,Medical equipment for patient care,Monitoring,1,1,20048,Surgical Supplies Storage,26-06-2020,07-03-2025,,
38,Infusion Pump 38,Medical equipment for patient care,Life Support,1,1,20040,Laboratory Storage,06-10-2020,31-03-2025,,
39,Pulse Oximeter 39,Medical equipment for patient care,Monitoring,1,1,20038,Surgical Supplies Storage,03-01-2025,15-04-2025,,
40,Thermometer 40,Medical equipment for patient care,Monitoring,1,1,20022,Pharmaceutical Storage,05-06-2024,21-03-2025,,
41,Ventilator 41,Medical equipment for patient care,Diagnostic,1,1,20038,Surgical Supplies Storage,27-04-2023,19-04-2025,,
42,Stethoscope 42,Medical equipment for patient care,Life Support,1,1,20031,Medical Equipment Storage,19-05-2023,11-04-2025,,
43,Blood Pressure Monitor 43,Medical equipment for patient care,Diagnostic,1,1,20039,Emergency Equipment Storage,02-04-2023,10-04-2025,,
44,Stethoscope 44,Medical equipment for patient care,Life Support,1,1,20050,Laboratory Storage,20-01-2025,05-05-2025,,
45,Pulse Oximeter 45,Medical equipment for patient care,Diagnostic,1,1,20026,Medical Equipment Storage,03-11-2021,25-05-2025,,
46,Ventilator 46,Medical equipment for patient care,Monitoring,1,1,20024,Emergency Equipment Storage,04-02-2024,17-04-2025,,
47,Infusion Pump 47,Medical equipment for patient care,Life Support,1,1,20034,Emergency Equipment Storage,15-02-2022,13-03-2025,,
48,Thermometer 48,Medical equipment for patient care,Diagnostic,1,1,20024,Emergency Equipment Storage,12-05-2021,22-04-2025,,
49,Stethoscope 49,Medical equipment for patient care,Surgical,1,1,20042,Pharmaceutical Storage,26-03-2024,02-06-2025,,
50,Infusion Pump 50,Medical equipment for patient care,Monitoring,1,1,20017,Pharmaceutical Storage,25-08-2022,30-04-2025,,
51,Infusion Pump 51,Medical equipment for patient care,Monitoring,1,1,20012,Pharmaceutical Storage,14-07-2020,20-03-2025,,
52,Pulse Oximeter 52,Medical equipment for patient care,Diagnostic,1,1,20037,Pharmaceutical Storage,27-09-2022,26-03-2025,,
53,Stethoscope 53,Medical equipment for patient care,Surgical,1,1,20017,Pharmaceutical Storage,21-11-2020,10-05-2025,,
54,ECG Machine 54,Medical equipment for patient care,Life Support,1,1,20038,Surgical Supplies Storage,31-12-2024,19-05-2025,,
55,Thermometer 55,Medical equipment for patient care,Monitoring,1,1,20045,Laboratory Storage,28-12-2020,12-04-2025,,
56,Thermometer 56,Medical equipment for patient care,Diagnostic,1,1,20015,Laboratory Storage,27-02-2022,02-04-2025,,
57,Thermometer 57,Medical equipment for patient care,Life Support,1,1,20023,Surgical Supplies Storage,29-03-2025,17-05-2025,,
58,Blood Pressure Monitor 58,Medical equipment for patient care,Life Support,1,1,20041,Medical Equipment Storage,29-11-2023,08-05-2025,,
59,Defibrillator 59,Medical equipment for patient care,Life Support,1,1,20044,Emergency Equipment Storage,19-02-2023,03-06-2025,,
60,Blood Pressure Monitor 60,Medical equipment for patient care,Surgical,1,1,20011,Medical Equipment Storage,08-09-2022,09-03-2025,,
61,Defibrillator 61,Medical equipment for patient care,Surgical,1,1,20043,Surgical Supplies Storage,07-10-2022,21-03-2025,,
62,Blood Pressure Monitor 62,Medical equipment for patient care,Diagnostic,1,1,20007,Pharmaceutical Storage,05-02-2023,28-04-2025,,
63,Pulse Oximeter 63,Medical equipment for patient care,Diagnostic,1,1,20042,Pharmaceutical Storage,23-08-2021,28-05-2025,,
64,Ventilator 64,Medical equipment for patient care,Life Support,1,1,20010,Laboratory Storage,09-05-2022,17-05-2025,,
65,ECG Machine 65,Medical equipment for patient care,Monitoring,1,1,20021,Medical Equipment Storage,10-10-2020,07-03-2025,,
66,Defibrillator 66,Medical equipment for patient care,Diagnostic,1,1,20039,Emergency Equipment Storage,21-09-2021,30-05-2025,,
67,Thermometer 67,Medical equipment for patient care,Monitoring,1,1,20019,Emergency Equipment Storage,17-04-2024,26-04-2025,,
68,Ventilator 68,Medical equipment for patient care,Monitoring,1,1,20040,Laboratory Storage,29-03-2025,03-05-2025,,
69,Infusion Pump 69,Medical equipment for patient care,Surgical,1,1,20018,Surgical Supplies Storage,29-04-2022,21-04-2025,,
70,Stethoscope 70,Medical equipment for patient care,Monitoring,1,1,20006,Medical Equipment Storage,04-12-2021,29-05-2025,,
71,Infusion Pump 71,Medical equipment for patient care,Monitoring,1,1,20019,Emergency Equipment Storage,11-10-2022,15-04-2025,,
72,Infusion Pump 72,Medical equipment for patient care,Diagnostic,1,1,20022,Pharmaceutical Storage,21-03-2021,06-04-2025,,
73,Ventilator 73,Medical equipment for patient care,Surgical,1,1,20017,Pharmaceutical Storage,10-12-2021,27-03-2025,,
74,Infusion Pump 74,Medical equipment for patient care,Life Support,1,1,20001,Medical Equipment Storage,24-10-2020,03-04-2025,,
75,Ventilator 75,Medical equipment for patient care,Surgical,1,1,20018,Surgical Supplies Storage,28-12-2024,30-05-2025,,
76,Ventilator 76,Medical equipment for patient care,Diagnostic,1,1,20017,Pharmaceutical Storage,28-07-2022,19-05-2025,,
77,Blood Pressure Monitor 77,Medical equipment for patient care,Monitoring,1,1,20040,Laboratory Storage,16-11-2020,08-05-2025,,
78,Ventilator 78,Medical equipment for patient care,Life Support,1,1,20021,Medical Equipment Storage,08-08-2022,28-03-2025,,
79,Defibrillator 79,Medical equipment for patient care,Diagnostic,1,1,20029,Emergency Equipment Storage,19-09-2021,18-04-2025,,
80,Thermometer 80,Medical equipment for patient care,Surgical,1,1,20022,Pharmaceutical Storage,14-06-2020,03-04-2025,,
81,Defibrillator 81,Medical equipment for patient care,Diagnostic,1,1,20006,Medical Equipment Storage,08-07-2020,20-03-2025,,
82,Thermometer 82,Medical equipment for patient care,Life Support,1,1,20009,Emergency Equipment Storage,26-04-2022,27-04-2025,,
83,Defibrillator 83,Medical equipment for patient care,Monitoring,1,1,20007,Pharmaceutical Storage,08-11-2021,24-05-2025,,
84,Infusion Pump 84,Medical equipment for patient care,Surgical,1,1,20022,Pharmaceutical Storage,01-12-2021,09-05-2025,,
85,Blood Pressure Monitor 85,Medical equipment for patient care,Monitoring,1,1,20046,Medical Equipment Storage,27-03-2022,31-03-2025,,
86,Thermometer 86,Medical equipment for patient care,Diagnostic,1,1,20002,Pharmaceutical Storage,13-04-2025,25-03-2025,,
87,Blood Pressure Monitor 87,Medical equipment for patient care,Monitoring,1,1,20015,Laboratory Storage,16-10-2022,11-05-2025,,
88,Defibrillator 88,Medical equipment for patient care,Diagnostic,1,1,20028,Surgical Supplies Storage,27-08-2022,21-05-2025,,
89,Stethoscope 89,Medical equipment for patient care,Life Support,1,1,20001,Medical Equipment Storage,10-01-2023,08-04-2025,,
90,Pulse Oximeter 90,Medical equipment for patient care,Diagnostic,1,1,20009,Emergency Equipment Storage,01-08-2022,25-03-2025,,
91,Defibrillator 91,Medical equipment for patient care,Life Support,1,1,20045,Laboratory Storage,04-01-2024,22-03-2025,,
92,Blood Pressure Monitor 92,Medical equipment for patient care,Monitoring,1,1,20022,Pharmaceutical Storage,29-12-2024,08-04-2025,,
93,Blood Pressure Monitor 93,Medical equipment for patient care,Monitoring,1,1,20026,Medical Equipment Storage,24-08-2023,29-03-2025,,
94,Stethoscope 94,Medical equipment for patient care,Surgical,1,1,20044,Emergency Equipment Storage,03-08-2022,14-04-2025,,
95,Ventilator 95,Medical equipment for patient care,Surgical,1,1,20018,Surgical Supplies Storage,20-05-2023,21-05-2025,,
96,Stethoscope 96,Medical equipment for patient care,Diagnostic,1,1,20024,Emergency Equipment Storage,17-07-2022,16-04-2025,,
97,ECG Machine 97,Medical equipment for patient care,Monitoring,1,1,20004,Emergency Equipment Storage,20-08-2022,28-05-2025,,
98,Stethoscope 98,Medical equipment for patient care,Monitoring,1,1,20002,Pharmaceutical Storage,21-08-2024,15-05-2025,,
99,Infusion Pump 99,Medical equipment for patient care,Life Support,1,1,20021,Medical Equipment Storage,29-12-2024,31-05-2025,,
100,Infusion Pump 100,Medical equipment for patient care,Diagnostic,1,1,20035,Laboratory Storage,18-08-2022,21-03-2025,,
101,Ventilator 101,Medical equipment for patient care,Life Support,1,1,20031,Medical Equipment Storage,13-04-2022,27-04-2025,,
102,Blood Pressure Monitor 102,Medical equipment for patient care,Monitoring,1,1,20027,Pharmaceutical Storage,11-02-2024,17-03-2025,,
103,Infusion Pump 103,Medical equipment for patient care,Diagnostic,1,1,20024,Emergency Equipment Storage,01-09-2020,11-05-2025,,
104,Infusion Pump 104,Medical equipment for patient care,Monitoring,1,1,20005,Laboratory Storage,18-12-2024,10-05-2025,,
105,Ventilator 105,Medical equipment for patient care,Surgical,1,1,20026,Medical Equipment Storage,20-01-2023,14-03-2025,,
106,ECG Machine 106,Medical equipment for patient care,Monitoring,1,1,20022,Pharmaceutical Storage,02-02-2023,19-05-2025,,
107,Blood Pressure Monitor 107,Medical equipment for patient care,Life Support,1,1,20029,Emergency Equipment Storage,13-05-2022,01-04-2025,,
108,Ventilator 108,Medical equipment for patient care,Monitoring,1,1,20025,Laboratory Storage,26-10-2021,16-03-2025,,
109,Infusion Pump 109,Medical equipment for patient care,Surgical,1,1,20019,Emergency Equipment Storage,10-08-2020,13-03-2025,,
110,Defibrillator 110,Medical equipment for patient care,Life Support,1,1,20041,Medical Equipment Storage,04-11-2022,10-05-2025,,
111,Thermometer 111,Medical equipment for patient care,Monitoring,1,1,20042,Pharmaceutical Storage,07-08-2021,11-03-2025,,
112,Defibrillator 112,Medical equipment for patient care,Surgical,1,1,20026,Medical Equipment Storage,03-12-2023,03-06-2025,,
113,Stethoscope 113,Medical equipment for patient care,Surgical,1,1,20027,Pharmaceutical Storage,19-02-2024,22-04-2025,,
114,Infusion Pump 114,Medical equipment for patient care,Diagnostic,1,1,20035,Laboratory Storage,08-05-2021,23-03-2025,,
115,Thermometer 115,Medical equipment for patient care,Diagnostic,1,1,20050,Laboratory Storage,04-10-2023,26-05-2025,,
116,Defibrillator 116,Medical equipment for patient care,Surgical,1,1,20028,Surgical Supplies Storage,09-08-2020,02-04-2025,,
117,Pulse Oximeter 117,Medical equipment for patient care,Life Support,1,1,20042,Pharmaceutical Storage,12-08-2024,29-05-2025,,
118,Defibrillator 118,Medical equipment for patient care,Monitoring,1,1,20018,Surgical Supplies Storage,29-02-2024,28-04-2025,,
119,Thermometer 119,Medical equipment for patient care,Surgical,1,1,20026,Medical Equipment Storage,14-12-2024,18-03-2025,,
120,Stethoscope 120,Medical equipment for patient care,Monitoring,1,1,20008,Surgical Supplies Storage,09-07-2020,27-04-2025,,
121,Ventilator 121,Medical equipment for patient care,Monitoring,1,1,20012,Pharmaceutical Storage,18-10-2024,06-04-2025,,
122,Pulse Oximeter 122,Medical equipment for patient care,Life Support,1,1,20003,Surgical Supplies Storage,05-06-2022,01-04-2025,,
123,Stethoscope 123,Medical equipment for patient care,Diagnostic,1,1,20022,Pharmaceutical Storage,24-12-2021,09-04-2025,,
124,Pulse Oximeter 124,Medical equipment for patient care,Diagnostic,1,1,20010,Laboratory Storage,03-02-2025,14-05-2025,,
125,ECG Machine 125,Medical equipment for patient care,Diagnostic,1,1,20024,Emergency Equipment Storage,15-10-2020,13-03-2025,,
126,Defibrillator 126,Medical equipment for patient care,Monitoring,1,1,20012,Pharmaceutical Storage,04-11-2021,06-03-2025,,
127,Blood Pressure Monitor 127,Medical equipment for patient care,Monitoring,1,1,20045,Laboratory Storage,17-06-2024,11-05-2025,,
128,Stethoscope 128,Medical equipment for patient care,Monitoring,1,1,20043,Surgical Supplies Storage,29-01-2024,05-04-2025,,
129,Defibrillator 129,Medical equipment for patient care,Monitoring,1,1,20014,Emergency Equipment Storage,24-10-2021,09-04-2025,,
130,Infusion Pump 130,Medical equipment for patient care,Life Support,1,1,20019,Emergency Equipment Storage,27-11-2020,30-05-2025,,
131,Pulse Oximeter 131,Medical equipment for patient care,Diagnostic,1,1,20045,Laboratory Storage,17-04-2024,22-04-2025,,
132,Pulse Oximeter 132,Medical equipment for patient care,Surgical,1,1,20002,Pharmaceutical Storage,29-01-2022,06-03-2025,,
133,Infusion Pump 133,Medical equipment for patient care,Diagnostic,1,1,20025,Laboratory Storage,01-10-2023,07-04-2025,,
134,Pulse Oximeter 134,Medical equipment for patient care,Monitoring,1,1,20007,Pharmaceutical Storage,12-09-2024,18-04-2025,,
135,Blood Pressure Monitor 135,Medical equipment for patient care,Monitoring,1,1,20031,Medical Equipment Storage,10-04-2021,15-04-2025,,
136,Stethoscope 136,Medical equipment for patient care,Surgical,1,1,20019,Emergency Equipment Storage,14-11-2021,25-04-2025,,
137,Defibrillator 137,Medical equipment for patient care,Monitoring,1,1,20044,Emergency Equipment Storage,02-01-2021,06-05-2025,,
138,Pulse Oximeter 138,Medical equipment for patient care,Life Support,1,1,20015,Laboratory Storage,15-10-2021,17-04-2025,,
139,ECG Machine 139,Medical equipment for patient care,Diagnostic,1,1,20014,Emergency Equipment Storage,19-10-2020,24-04-2025,,
140,Pulse Oximeter 140,Medical equipment for patient care,Life Support,1,1,20003,Surgical Supplies Storage,23-10-2024,16-04-2025,,
141,Ventilator 141,Medical equipment for patient care,Surgical,1,1,20009,Emergency Equipment Storage,01-07-2022,06-05-2025,,
142,Thermometer 142,Medical equipment for patient care,Life Support,1,1,20004,Emergency Equipment Storage,11-02-2021,26-05-2025,,
143,Defibrillator 143,Medical equipment for patient care,Diagnostic,1,1,20015,Laboratory Storage,12-11-2022,31-05-2025,,
144,Pulse Oximeter 144,Medical equipment for patient care,Surgical,1,1,20012,Pharmaceutical Storage,15-03-2023,12-05-2025,,
145,ECG Machine 145,Medical equipment for patient care,Diagnostic,1,1,20047,Pharmaceutical Storage,05-07-2022,16-05-2025,,
146,ECG Machine 146,Medical equipment for patient care,Surgical,1,1,20026,Medical Equipment Storage,27-07-2022,23-05-2025,,
147,Defibrillator 147,Medical equipment for patient care,Life Support,1,1,20027,Pharmaceutical Storage,27-07-2024,18-05-2025,,
148,Infusion Pump 148,Medical equipment for patient care,Life Support,1,1,20043,Surgical Supplies Storage,03-02-2023,13-05-2025,,
149,Pulse Oximeter 149,Medical equipment for patient care,Surgical,1,1,20041,Medical Equipment Storage,24-08-2023,31-05-2025,,
150,Stethoscope 150,Medical equipment for patient care,Monitoring,1,1,20027,Pharmaceutical Storage,17-09-2022,21-03-2025,,
151,ECG Machine 151,Medical equipment for patient care,Diagnostic,1,1,20005,Laboratory Storage,21-01-2024,31-05-2025,,
152,Ventilator 152,Medical equipment for patient care,Diagnostic,1,1,20020,Laboratory Storage,11-06-2021,27-03-2025,,
153,Thermometer 153,Medical equipment for patient care,Diagnostic,1,1,20023,Surgical Supplies Storage,14-11-2024,03-05-2025,,
154,Defibrillator 154,Medical equipment for patient care,Life Support,1,1,20013,Surgical Supplies Storage,18-04-2022,12-03-2025,,
155,Thermometer 155,Medical equipment for patient care,Life Support,1,1,20044,Emergency Equipment Storage,07-02-2024,11-03-2025,,
156,Pulse Oximeter 156,Medical equipment for patient care,Surgical,1,1,20039,Emergency Equipment Storage,18-07-2023,15-05-2025,,
157,Blood Pressure Monitor 157,Medical equipment for patient care,Monitoring,1,1,20021,Medical Equipment Storage,02-10-2023,04-04-2025,,
158,Defibrillator 158,Medical equipment for patient care,Surgical,1,1,20006,Medical Equipment Storage,23-03-2024,02-06-2025,,
159,Defibrillator 159,Medical equipment for patient care,Monitoring,1,1,20001,Medical Equipment Storage,23-04-2024,25-05-2025,,
160,Ventilator 160,Medical equipment for patient care,Diagnostic,1,1,20001,Medical Equipment Storage,12-11-2022,02-05-2025,,
161,Thermometer 161,Medical equipment for patient care,Monitoring,1,1,20024,Emergency Equipment Storage,10-05-2021,02-06-2025,,
162,Infusion Pump 162,Medical equipment for patient care,Diagnostic,1,1,20016,Medical Equipment Storage,30-05-2023,22-05-2025,,
163,Defibrillator 163,Medical equipment for patient care,Life Support,1,1,20028,Surgical Supplies Storage,09-08-2023,21-03-2025,,
164,Defibrillator 164,Medical equipment for patient care,Life Support,1,1,20022,Pharmaceutical Storage,28-09-2020,16-05-2025,,
165,Ventilator 165,Medical equipment for patient care,Monitoring,1,1,20016,Medical Equipment Storage,29-06-2020,28-04-2025,,
166,Thermometer 166,Medical equipment for patient care,Monitoring,1,1,20025,Laboratory Storage,10-06-2022,07-04-2025,,
167,Ventilator 167,Medical equipment for patient care,Monitoring,1,1,20039,Emergency Equipment Storage,09-04-2023,07-03-2025,,
168,Defibrillator 168,Medical equipment for patient care,Life Support,1,1,20041,Medical Equipment Storage,20-03-2021,12-04-2025,,
169,ECG Machine 169,Medical equipment for patient care,Diagnostic,1,1,20017,Pharmaceutical Storage,24-05-2022,01-05-2025,,
170,Defibrillator 170,Medical equipment for patient care,Diagnostic,1,1,20009,Emergency Equipment Storage,27-10-2022,15-05-2025,,
171,Pulse Oximeter 171,Medical equipment for patient care,Monitoring,1,1,20025,Laboratory Storage,26-01-2022,10-05-2025,,
172,ECG Machine 172,Medical equipment for patient care,Diagnostic,1,1,20004,Emergency Equipment Storage,26-09-2021,14-05-2025,,
173,Ventilator 173,Medical equipment for patient care,Monitoring,1,1,20021,Medical Equipment Storage,09-12-2023,26-04-2025,,
174,Pulse Oximeter 174,Medical equipment for patient care,Diagnostic,1,1,20003,Surgical Supplies Storage,03-11-2022,30-05-2025,,
175,Thermometer 175,Medical equipment for patient care,Surgical,1,1,20001,Medical Equipment Storage,08-03-2024,21-04-2025,,
176,Blood Pressure Monitor 176,Medical equipment for patient care,Monitoring,1,1,20036,Medical Equipment Storage,29-08-2021,17-05-2025,,
177,Stethoscope 177,Medical equipment for patient care,Diagnostic,1,1,20008,Surgical Supplies Storage,18-10-2021,20-03-2025,,
178,Stethoscope 178,Medical equipment for patient care,Diagnostic,1,1,20036,Medical Equipment Storage,14-03-2022,30-03-2025,,
179,Infusion Pump 179,Medical equipment for patient care,Monitoring,1,1,20029,Emergency Equipment Storage,31-08-2022,27-04-2025,,
180,Infusion Pump 180,Medical equipment for patient care,Diagnostic,1,1,20027,Pharmaceutical Storage,29-03-2023,30-05-2025,,
181,Infusion Pump 181,Medical equipment for patient care,Diagnostic,1,1,20031,Medical Equipment Storage,06-09-2020,07-04-2025,,
182,Infusion Pump 182,Medical equipment for patient care,Life Support,1,1,20043,Surgical Supplies Storage,13-01-2023,17-04-2025,,
183,Ventilator 183,Medical equipment for patient care,Life Support,1,1,20032,Pharmaceutical Storage,07-05-2021,12-03-2025,,
184,Stethoscope 184,Medical equipment for patient care,Surgical,1,1,20016,Medical Equipment Storage,23-02-2023,29-05-2025,,
185,ECG Machine 185,Medical equipment for patient care,Life Support,1,1,20031,Medical Equipment Storage,02-04-2021,19-05-2025,,
186,Thermometer 186,Medical equipment for patient care,Life Support,1,1,20045,Laboratory Storage,08-01-2021,18-04-2025,,
187,Ventilator 187,Medical equipment for patient care,Life Support,1,1,20040,Laboratory Storage,21-04-2024,05-04-2025,,
188,ECG Machine 188,Medical equipment for patient care,Diagnostic,1,1,20035,Laboratory Storage,18-12-2022,31-03-2025,,
189,Ventilator 189,Medical equipment for patient care,Diagnostic,1,1,20043,Surgical Supplies Storage,18-09-2023,12-04-2025,,
190,Defibrillator 190,Medical equipment for patient care,Diagnostic,1,1,20005,Laboratory Storage,29-01-2023,13-05-2025,,
191,Infusion Pump 191,Medical equipment for patient care,Diagnostic,1,1,20036,Medical Equipment Storage,09-07-2020,28-05-2025,,
192,Infusion Pump 192,Medical equipment for patient care,Monitoring,1,1,20011,Medical Equipment Storage,20-06-2024,30-03-2025,,
193,Infusion Pump 193,Medical equipment for patient care,Diagnostic,1,1,20042,Pharmaceutical Storage,23-11-2023,28-03-2025,,
194,Ventilator 194,Medical equipment for patient care,Diagnostic,1,1,20022,Pharmaceutical Storage,21-06-2023,23-05-2025,,
195,Defibrillator 195,Medical equipment for patient care,Life Support,1,1,20022,Pharmaceutical Storage,11-09-2021,26-03-2025,,
196,Ventilator 196,Medical equipment for patient care,Life Support,1,1,20010,Laboratory Storage,02-01-2023,15-03-2025,,
197,ECG Machine 197,Medical equipment for patient care,Surgical,1,1,20048,Surgical Supplies Storage,27-12-2024,18-04-2025,,
198,ECG Machine 198,Medical equipment for patient care,Surgical,1,1,20025,Laboratory Storage,30-08-2021,11-04-2025,,
199,ECG Machine 199,Medical equipment for patient care,Life Support,1,1,20002,Pharmaceutical Storage,02-11-2021,25-04-2025,,
200,Stethoscope 200,Medical equipment for patient care,Life Support,1,1,20010,Laboratory Storage,06-09-2021,30-03-2025,,
201,Thermometer 201,Medical equipment for patient care,Life Support,1,1,20035,Laboratory Storage,06-05-2023,04-04-2025,,
202,Thermometer 202,Medical equipment for patient care,Monitoring,1,1,20029,Emergency Equipment Storage,24-07-2020,01-06-2025,,
203,Infusion Pump 203,Medical equipment for patient care,Diagnostic,1,1,20017,Pharmaceutical Storage,19-03-2021,09-05-2025,,
204,Blood Pressure Monitor 204,Medical equipment for patient care,Life Support,1,1,20050,Laboratory Storage,30-08-2020,16-03-2025,,
205,Stethoscope 205,Medical equipment for patient care,Surgical,1,1,20004,Emergency Equipment Storage,13-04-2021,20-04-2025,,
206,Pulse Oximeter 206,Medical equipment for patient care,Surgical,1,1,20021,Medical Equipment Storage,11-01-2025,02-06-2025,,
207,Thermometer 207,Medical equipment for patient care,Surgical,1,1,20044,Emergency Equipment Storage,26-10-2021,25-04-2025,,
208,Stethoscope 208,Medical equipment for patient care,Monitoring,1,1,20015,Laboratory Storage,21-07-2023,07-05-2025,,
209,Stethoscope 209,Medical equipment for patient care,Surgical,1,1,20026,Medical Equipment Storage,11-08-2023,04-04-2025,,
210,Thermometer 210,Medical equipment for patient care,Monitoring,1,1,20005,Laboratory Storage,15-01-2025,26-04-2025,,
211,Pulse Oximeter 211,Medical equipment for patient care,Monitoring,1,1,20039,Emergency Equipment Storage,14-01-2022,16-04-2025,,
212,Blood Pressure Monitor 212,Medical equipment for patient care,Surgical,1,1,20038,Surgical Supplies Storage,28-05-2023,22-04-2025,,
213,Stethoscope 213,Medical equipment for patient care,Diagnostic,1,1,20039,Emergency Equipment Storage,08-10-2024,19-05-2025,,
214,Stethoscope 214,Medical equipment for patient care,Surgical,1,1,20015,Laboratory Storage,08-01-2021,23-03-2025,,
215,Pulse Oximeter 215,Medical equipment for patient care,Surgical,1,1,20029,Emergency Equipment Storage,06-02-2021,29-04-2025,,
216,Defibrillator 216,Medical equipment for patient care,Monitoring,1,1,20042,Pharmaceutical Storage,25-09-2020,24-05-2025,,
217,Blood Pressure Monitor 217,Medical equipment for patient care,Life Support,1,1,20001,Medical Equipment Storage,22-11-2023,09-03-2025,,
218,Stethoscope 218,Medical equipment for patient care,Surgical,1,1,20034,Emergency Equipment Storage,13-08-2022,24-05-2025,,
219,Blood Pressure Monitor 219,Medical equipment for patient care,Surgical,1,1,20002,Pharmaceutical Storage,17-02-2024,22-04-2025,,
220,ECG Machine 220,Medical equipment for patient care,Life Support,1,1,20039,Emergency Equipment Storage,20-09-2023,12-05-2025,,
221,Infusion Pump 221,Medical equipment for patient care,Life Support,1,1,20019,Emergency Equipment Storage,23-07-2020,15-04-2025,,
222,Ventilator 222,Medical equipment for patient care,Surgical,1,1,20012,Pharmaceutical Storage,24-02-2021,11-05-2025,,
223,Infusion Pump 223,Medical equipment for patient care,Diagnostic,1,1,20013,Surgical Supplies Storage,25-02-2022,11-05-2025,,
224,Stethoscope 224,Medical equipment for patient care,Life Support,1,1,20011,Medical Equipment Storage,12-12-2023,15-03-2025,,
225,Infusion Pump 225,Medical equipment for patient care,Monitoring,1,1,20003,Surgical Supplies Storage,18-09-2023,26-05-2025,,
226,Stethoscope 226,Medical equipment for patient care,Diagnostic,1,1,20008,Surgical Supplies Storage,12-03-2025,29-05-2025,,
227,Defibrillator 227,Medical equipment for patient care,Surgical,1,1,20039,Emergency Equipment Storage,22-03-2024,09-04-2025,,
228,Thermometer 228,Medical equipment for patient care,Diagnostic,1,1,20012,Pharmaceutical Storage,20-09-2021,01-06-2025,,
229,Pulse Oximeter 229,Medical equipment for patient care,Monitoring,1,1,20011,Medical Equipment Storage,02-01-2025,26-05-2025,,
230,Stethoscope 230,Medical equipment for patient care,Diagnostic,1,1,20047,Pharmaceutical Storage,23-05-2022,24-05-2025,,
231,Stethoscope 231,Medical equipment for patient care,Life Support,1,1,20035,Laboratory Storage,12-01-2024,19-05-2025,,
232,Thermometer 232,Medical equipment for patient care,Monitoring,1,1,20038,Surgical Supplies Storage,28-08-2022,25-05-2025,,
233,Infusion Pump 233,Medical equipment for patient care,Monitoring,1,1,20033,Surgical Supplies Storage,15-03-2023,07-04-2025,,
234,Stethoscope 234,Medical equipment for patient care,Monitoring,1,1,20047,Pharmaceutical Storage,04-12-2022,22-03-2025,,
235,Infusion Pump 235,Medical equipment for patient care,Surgical,1,1,20018,Surgical Supplies Storage,31-12-2024,11-04-2025,,
236,Pulse Oximeter 236,Medical equipment for patient care,Diagnostic,1,1,20033,Surgical Supplies Storage,21-01-2023,08-03-2025,,
237,ECG Machine 237,Medical equipment for patient care,Monitoring,1,1,20039,Emergency Equipment Storage,31-08-2024,16-03-2025,,
238,Ventilator 238,Medical equipment for patient care,Diagnostic,1,1,20014,Emergency Equipment Storage,11-05-2023,12-04-2025,,
239,ECG Machine 239,Medical equipment for patient care,Monitoring,1,1,20008,Surgical Supplies Storage,22-01-2022,21-04-2025,,
240,Pulse Oximeter 240,Medical equipment for patient care,Monitoring,1,1,20032,Pharmaceutical Storage,16-11-2024,22-04-2025,,
241,Infusion Pump 241,Medical equipment for patient care,Surgical,1,1,20047,Pharmaceutical Storage,02-04-2024,28-03-2025,,
242,Ventilator 242,Medical equipment for patient care,Life Support,1,1,20012,Pharmaceutical Storage,26-11-2024,07-04-2025,,
243,Blood Pressure Monitor 243,Medical equipment for patient care,Monitoring,1,1,20030,Laboratory Storage,11-03-2025,13-05-2025,,
244,ECG Machine 244,Medical equipment for patient care,Surgical,1,1,20022,Pharmaceutical Storage,07-03-2024,21-04-2025,,
245,Infusion Pump 245,Medical equipment for patient care,Life Support,1,1,20050,Laboratory Storage,31-05-2021,19-03-2025,,
246,Thermometer 246,Medical equipment for patient care,Diagnostic,1,1,20049,Emergency Equipment Storage,11-12-2021,09-03-2025,,
247,Defibrillator 247,Medical equipment for patient care,Monitoring,1,1,20050,Laboratory Storage,16-03-2023,11-03-2025,,
248,ECG Machine 248,Medical equipment for patient care,Monitoring,1,1,20038,Surgical Supplies Storage,28-02-2022,23-05-2025,,
249,Ventilator 249,Medical equipment for patient care,Life Support,1,1,20002,Pharmaceutical Storage,19-10-2023,20-05-2025,,
250,ECG Machine 250,Medical equipment for patient care,Life Support,1,1,20030,Laboratory Storage,28-06-2020,16-05-2025,,
251,Pulse Oximeter 251,Medical equipment for patient care,Life Support,1,1,20047,Pharmaceutical Storage,19-04-2022,23-04-2025,,
252,Blood Pressure Monitor 252,Medical equipment for patient care,Surgical,1,1,20004,Emergency Equipment Storage,27-02-2023,09-03-2025,,
253,Ventilator 253,Medical equipment for patient care,Life Support,1,1,20047,Pharmaceutical Storage,18-12-2024,08-03-2025,,
254,Pulse Oximeter 254,Medical equipment for patient care,Surgical,1,1,20018,Surgical Supplies Storage,17-12-2020,08-03-2025,,
255,ECG Machine 255,Medical equipment for patient care,Diagnostic,1,1,20024,Emergency Equipment Storage,17-09-2021,22-04-2025,,
256,Defibrillator 256,Medical equipment for patient care,Monitoring,1,1,20031,Medical Equipment Storage,29-04-2024,21-05-2025,,
257,Stethoscope 257,Medical equipment for patient care,Monitoring,1,1,20046,Medical Equipment Storage,15-05-2024,02-04-2025,,
258,Infusion Pump 258,Medical equipment for patient care,Diagnostic,1,1,20026,Medical Equipment Storage,17-09-2021,20-03-2025,,
259,Ventilator 259,Medical equipment for patient care,Life Support,1,1,20020,Laboratory Storage,26-10-2023,02-05-2025,,
260,Thermometer 260,Medical equipment for patient care,Surgical,1,1,20041,Medical Equipment Storage,06-07-2021,23-05-2025,,
261,Ventilator 261,Medical equipment for patient care,Diagnostic,1,1,20034,Emergency Equipment Storage,16-10-2020,04-04-2025,,
262,Thermometer 262,Medical equipment for patient care,Monitoring,1,1,20048,Surgical Supplies Storage,25-10-2023,24-05-2025,,
263,Stethoscope 263,Medical equipment for patient care,Monitoring,1,1,20016,Medical Equipment Storage,27-02-2022,09-03-2025,,
264,Thermometer 264,Medical equipment for patient care,Life Support,1,1,20039,Emergency Equipment Storage,30-11-2023,11-03-2025,,
265,Defibrillator 265,Medical equipment for patient care,Diagnostic,1,1,20017,Pharmaceutical Storage,18-04-2024,05-04-2025,,
266,Stethoscope 266,Medical equipment for patient care,Life Support,1,1,20047,Pharmaceutical Storage,29-01-2022,03-06-2025,,
267,Ventilator 267,Medical equipment for patient care,Diagnostic,1,1,20033,Surgical Supplies Storage,29-03-2025,18-04-2025,,
268,Pulse Oximeter 268,Medical equipment for patient care,Monitoring,1,1,20046,Medical Equipment Storage,16-03-2025,03-06-2025,,
269,ECG Machine 269,Medical equipment for patient care,Surgical,1,1,20011,Medical Equipment Storage,19-11-2023,18-05-2025,,
270,Blood Pressure Monitor 270,Medical equipment for patient care,Life Support,1,1,20049,Emergency Equipment Storage,05-10-2020,26-05-2025,,
271,Thermometer 271,Medical equipment for patient care,Monitoring,1,1,20050,Laboratory Storage,03-03-2021,14-05-2025,,
272,Infusion Pump 272,Medical equipment for patient care,Life Support,1,1,20016,Medical Equipment Storage,24-09-2022,16-05-2025,,
273,Defibrillator 273,Medical equipment for patient care,Monitoring,1,1,20030,Laboratory Storage,16-01-2025,06-04-2025,,
274,Infusion Pump 274,Medical equipment for patient care,Surgical,1,1,20015,Laboratory Storage,06-06-2024,01-05-2025,,
275,Thermometer 275,Medical equipment for patient care,Life Support,1,1,20019,Emergency Equipment Storage,22-12-2020,14-05-2025,,
276,ECG Machine 276,Medical equipment for patient care,Life Support,1,1,20014,Emergency Equipment Storage,09-11-2024,31-03-2025,,
277,Thermometer 277,Medical equipment for patient care,Monitoring,1,1,20028,Surgical Supplies Storage,06-06-2021,03-06-2025,,
278,Thermometer 278,Medical equipment for patient care,Diagnostic,1,1,20040,Laboratory Storage,12-10-2024,13-03-2025,,
279,Defibrillator 279,Medical equipment for patient care,Diagnostic,1,1,20034,Emergency Equipment Storage,16-04-2021,15-04-2025,,
280,Ventilator 280,Medical equipment for patient care,Monitoring,1,1,20036,Medical Equipment Storage,16-10-2021,08-03-2025,,
281,ECG Machine 281,Medical equipment for patient care,Surgical,1,1,20048,Surgical Supplies Storage,26-07-2022,29-04-2025,,
282,Blood Pressure Monitor 282,Medical equipment for patient care,Life Support,1,1,20019,Emergency Equipment Storage,22-01-2024,05-04-2025,,
283,Defibrillator 283,Medical equipment for patient care,Life Support,1,1,20007,Pharmaceutical Storage,03-08-2023,15-03-2025,,
284,Infusion Pump 284,Medical equipment for patient care,Surgical,1,1,20010,Laboratory Storage,16-12-2024,15-03-2025,,
285,ECG Machine 285,Medical equipment for patient care,Monitoring,1,1,20041,Medical Equipment Storage,30-10-2024,22-03-2025,,
286,Pulse Oximeter 286,Medical equipment for patient care,Surgical,1,1,20021,Medical Equipment Storage,06-03-2021,18-05-2025,,
287,Infusion Pump 287,Medical equipment for patient care,Monitoring,1,1,20020,Laboratory Storage,23-09-2023,10-04-2025,,
288,ECG Machine 288,Medical equipment for patient care,Monitoring,1,1,20034,Emergency Equipment Storage,07-11-2022,01-05-2025,,
289,Blood Pressure Monitor 289,Medical equipment for patient care,Diagnostic,1,1,20044,Emergency Equipment Storage,21-10-2022,29-04-2025,,
290,Blood Pressure Monitor 290,Medical equipment for patient care,Diagnostic,1,1,20035,Laboratory Storage,12-03-2023,03-05-2025,,
291,Defibrillator 291,Medical equipment for patient care,Diagnostic,1,1,20039,Emergency Equipment Storage,20-02-2023,09-03-2025,,
292,Defibrillator 292,Medical equipment for patient care,Diagnostic,1,1,20003,Surgical Supplies Storage,10-04-2025,16-04-2025,,
293,Ventilator 293,Medical equipment for patient care,Monitoring,1,1,20026,Medical Equipment Storage,19-06-2024,09-05-2025,,
294,Infusion Pump 294,Medical equipment for patient care,Monitoring,1,1,20042,Pharmaceutical Storage,14-05-2024,28-04-2025,,
295,Infusion Pump 295,Medical equipment for patient care,Surgical,1,1,20034,Emergency Equipment Storage,15-02-2023,23-03-2025,,
296,Pulse Oximeter 296,Medical equipment for patient care,Diagnostic,1,1,20040,Laboratory Storage,12-11-2021,28-04-2025,,
297,ECG Machine 297,Medical equipment for patient care,Surgical,1,1,20025,Laboratory Storage,21-05-2024,27-03-2025,,
298,Blood Pressure Monitor 298,Medical equipment for patient care,Surgical,1,1,20045,Laboratory Storage,13-07-2021,30-05-2025,,
299,Ventilator 299,Medical equipment for patient care,Surgical,1,1,20014,Emergency Equipment Storage,25-11-2022,14-04-2025,,
300,Defibrillator 300,Medical equipment for patient care,Life Support,1,1,20022,Pharmaceutical Storage,03-09-2020,09-04-2025,,
301,Ventilator 301,Medical equipment for patient care,Monitoring,1,1,20015,Laboratory Storage,09-12-2020,24-03-2025,,
302,Pulse Oximeter 302,Medical equipment for patient care,Life Support,1,1,20021,Medical Equipment Storage,01-02-2023,13-04-2025,,
303,ECG Machine 303,Medical equipment for patient care,Diagnostic,1,1,20047,Pharmaceutical Storage,15-10-2024,08-04-2025,,
304,Thermometer 304,Medical equipment for patient care,Diagnostic,1,1,20026,Medical Equipment Storage,12-12-2021,28-03-2025,,
305,Infusion Pump 305,Medical equipment for patient care,Diagnostic,1,1,20020,Laboratory Storage,27-10-2023,22-03-2025,,
306,ECG Machine 306,Medical equipment for patient care,Monitoring,1,1,20016,Medical Equipment Storage,10-05-2023,28-04-2025,,
307,Stethoscope 307,Medical equipment for patient care,Monitoring,1,1,20039,Emergency Equipment Storage,10-06-2024,17-05-2025,,
308,Defibrillator 308,Medical equipment for patient care,Diagnostic,1,1,20023,Surgical Supplies Storage,01-10-2022,22-03-2025,,
309,Blood Pressure Monitor 309,Medical equipment for patient care,Surgical,1,1,20001,Medical Equipment Storage,04-05-2025,22-05-2025,,
310,Ventilator 310,Medical equipment for patient care,Monitoring,1,1,20019,Emergency Equipment Storage,13-02-2022,23-04-2025,,
311,Defibrillator 311,Medical equipment for patient care,Monitoring,1,1,20001,Medical Equipment Storage,10-02-2022,28-05-2025,,
312,Ventilator 312,Medical equipment for patient care,Diagnostic,1,1,20042,Pharmaceutical Storage,15-10-2020,11-03-2025,,
313,Stethoscope 313,Medical equipment for patient care,Surgical,1,1,20022,Pharmaceutical Storage,15-12-2021,01-04-2025,,
314,ECG Machine 314,Medical equipment for patient care,Surgical,1,1,20027,Pharmaceutical Storage,26-05-2022,01-04-2025,,
315,Infusion Pump 315,Medical equipment for patient care,Life Support,1,1,20020,Laboratory Storage,15-08-2020,30-03-2025,,
316,Infusion Pump 316,Medical equipment for patient care,Monitoring,1,1,20013,Surgical Supplies Storage,19-05-2024,20-04-2025,,
317,Ventilator 317,Medical equipment for patient care,Life Support,1,1,20011,Medical Equipment Storage,30-05-2022,16-04-2025,,
318,Thermometer 318,Medical equipment for patient care,Monitoring,1,1,20014,Emergency Equipment Storage,07-06-2023,17-04-2025,,
319,Blood Pressure Monitor 319,Medical equipment for patient care,Diagnostic,1,1,20034,Emergency Equipment Storage,27-06-2021,30-05-2025,,
320,Blood Pressure Monitor 320,Medical equipment for patient care,Diagnostic,1,1,20034,Emergency Equipment Storage,25-10-2021,18-03-2025,,
321,Infusion Pump 321,Medical equipment for patient care,Life Support,1,1,20025,Laboratory Storage,02-03-2022,12-03-2025,,
322,Defibrillator 322,Medical equipment for patient care,Diagnostic,1,1,20023,Surgical Supplies Storage,16-11-2021,19-03-2025,,
323,Infusion Pump 323,Medical equipment for patient care,Surgical,1,1,20020,Laboratory Storage,02-12-2023,08-04-2025,,
324,Defibrillator 324,Medical equipment for patient care,Monitoring,1,1,20001,Medical Equipment Storage,22-10-2024,19-03-2025,,
325,Pulse Oximeter 325,Medical equipment for patient care,Monitoring,1,1,20009,Emergency Equipment Storage,10-02-2025,01-05-2025,,
326,Ventilator 326,Medical equipment for patient care,Diagnostic,1,1,20002,Pharmaceutical Storage,01-04-2022,28-03-2025,,
327,Blood Pressure Monitor 327,Medical equipment for patient care,Surgical,1,1,20043,Surgical Supplies Storage,14-02-2021,04-05-2025,,
328,Defibrillator 328,Medical equipment for patient care,Monitoring,1,1,20045,Laboratory Storage,05-10-2022,14-04-2025,,
329,Thermometer 329,Medical equipment for patient care,Surgical,1,1,20048,Surgical Supplies Storage,19-03-2023,22-03-2025,,
330,Defibrillator 330,Medical equipment for patient care,Monitoring,1,1,20036,Medical Equipment Storage,07-10-2020,19-04-2025,,
331,Stethoscope 331,Medical equipment for patient care,Diagnostic,1,1,20026,Medical Equipment Storage,02-09-2023,20-03-2025,,
332,Ventilator 332,Medical equipment for patient care,Monitoring,1,1,20038,Surgical Supplies Storage,12-03-2022,25-04-2025,,
333,Blood Pressure Monitor 333,Medical equipment for patient care,Diagnostic,1,1,20041,Medical Equipment Storage,30-12-2024,08-03-2025,,
334,Ventilator 334,Medical equipment for patient care,Diagnostic,1,1,20041,Medical Equipment Storage,08-12-2020,12-05-2025,,
335,Stethoscope 335,Medical equipment for patient care,Monitoring,1,1,20024,Emergency Equipment Storage,09-08-2022,05-05-2025,,
336,Blood Pressure Monitor 336,Medical equipment for patient care,Diagnostic,1,1,20044,Emergency Equipment Storage,01-05-2022,11-05-2025,,
337,Stethoscope 337,Medical equipment for patient care,Life Support,1,1,20007,Pharmaceutical Storage,20-08-2023,16-03-2025,,
338,Ventilator 338,Medical equipment for patient care,Life Support,1,1,20025,Laboratory Storage,28-01-2025,30-04-2025,,
339,Pulse Oximeter 339,Medical equipment for patient care,Life Support,1,1,20009,Emergency Equipment Storage,19-12-2024,18-04-2025,,
340,Defibrillator 340,Medical equipment for patient care,Diagnostic,1,1,20019,Emergency Equipment Storage,29-06-2020,09-03-2025,,
341,Stethoscope 341,Medical equipment for patient care,Monitoring,1,1,20019,Emergency Equipment Storage,24-04-2024,25-05-2025,,
342,Ventilator 342,Medical equipment for patient care,Life Support,1,1,20012,Pharmaceutical Storage,23-02-2021,07-05-2025,,
343,Pulse Oximeter 343,Medical equipment for patient care,Surgical,1,1,20010,Laboratory Storage,25-05-2024,08-03-2025,,
344,Stethoscope 344,Medical equipment for patient care,Diagnostic,1,1,20042,Pharmaceutical Storage,23-09-2022,03-06-2025,,
345,Defibrillator 345,Medical equipment for patient care,Life Support,1,1,20030,Laboratory Storage,27-02-2021,03-06-2025,,
346,Blood Pressure Monitor 346,Medical equipment for patient care,Diagnostic,1,1,20017,Pharmaceutical Storage,30-12-2022,01-04-2025,,
347,Ventilator 347,Medical equipment for patient care,Life Support,1,1,20019,Emergency Equipment Storage,24-09-2020,24-03-2025,,
348,Thermometer 348,Medical equipment for patient care,Monitoring,1,1,20020,Laboratory Storage,24-09-2023,03-05-2025,,
349,ECG Machine 349,Medical equipment for patient care,Surgical,1,1,20011,Medical Equipment Storage,24-01-2025,19-04-2025,,
350,Blood Pressure Monitor 350,Medical equipment for patient care,Diagnostic,1,1,20004,Emergency Equipment Storage,17-10-2024,30-04-2025,,
351,Pulse Oximeter 351,Medical equipment for patient care,Surgical,1,1,20050,Laboratory Storage,23-12-2022,18-03-2025,,
352,Infusion Pump 352,Medical equipment for patient care,Surgical,1,1,20042,Pharmaceutical Storage,23-05-2022,12-04-2025,,
353,Thermometer 353,Medical equipment for patient care,Surgical,1,1,20021,Medical Equipment Storage,14-11-2024,21-03-2025,,
354,Pulse Oximeter 354,Medical equipment for patient care,Diagnostic,1,1,20032,Pharmaceutical Storage,13-01-2021,26-04-2025,,
355,Thermometer 355,Medical equipment for patient care,Surgical,1,1,20007,Pharmaceutical Storage,29-01-2021,21-03-2025,,
356,Infusion Pump 356,Medical equipment for patient care,Diagnostic,1,1,20032,Pharmaceutical Storage,21-12-2020,30-03-2025,,
357,Defibrillator 357,Medical equipment for patient care,Surgical,1,1,20016,Medical Equipment Storage,05-11-2023,05-05-2025,,
358,Ventilator 358,Medical equipment for patient care,Surgical,1,1,20027,Pharmaceutical Storage,22-03-2022,11-03-2025,,
359,Defibrillator 359,Medical equipment for patient care,Life Support,1,1,20028,Surgical Supplies Storage,20-06-2023,22-04-2025,,
360,Ventilator 360,Medical equipment for patient care,Life Support,1,1,20027,Pharmaceutical Storage,25-10-2022,07-04-2025,,
361,Infusion Pump 361,Medical equipment for patient care,Surgical,1,1,20050,Laboratory Storage,16-01-2023,25-03-2025,,
362,Stethoscope 362,Medical equipment for patient care,Surgical,1,1,20046,Medical Equipment Storage,22-05-2024,19-05-2025,,
363,Defibrillator 363,Medical equipment for patient care,Life Support,1,1,20027,Pharmaceutical Storage,29-07-2021,14-05-2025,,
364,Pulse Oximeter 364,Medical equipment for patient care,Diagnostic,1,1,20004,Emergency Equipment Storage,04-02-2023,08-04-2025,,
365,Pulse Oximeter 365,Medical equipment for patient care,Diagnostic,1,1,20024,Emergency Equipment Storage,10-08-2021,15-05-2025,,
366,Pulse Oximeter 366,Medical equipment for patient care,Diagnostic,1,1,20047,Pharmaceutical Storage,06-02-2022,12-05-2025,,
367,Thermometer 367,Medical equipment for patient care,Life Support,1,1,20049,Emergency Equipment Storage,30-04-2024,25-04-2025,,
368,Stethoscope 368,Medical equipment for patient care,Surgical,1,1,20003,Surgical Supplies Storage,28-12-2022,24-05-2025,,
369,ECG Machine 369,Medical equipment for patient care,Life Support,1,1,20031,Medical Equipment Storage,22-11-2022,11-03-2025,,
370,Defibrillator 370,Medical equipment for patient care,Surgical,1,1,20049,Emergency Equipment Storage,20-11-2021,17-04-2025,,
371,ECG Machine 371,Medical equipment for patient care,Life Support,1,1,20024,Emergency Equipment Storage,18-06-2023,13-03-2025,,
372,Ventilator 372,Medical equipment for patient care,Life Support,1,1,20008,Surgical Supplies Storage,01-01-2024,11-05-2025,,
373,Infusion Pump 373,Medical equipment for patient care,Life Support,1,1,20001,Medical Equipment Storage,23-01-2022,11-04-2025,,
374,Thermometer 374,Medical equipment for patient care,Life Support,1,1,20010,Laboratory Storage,16-03-2021,24-03-2025,,
375,Infusion Pump 375,Medical equipment for patient care,Monitoring,1,1,20005,Laboratory Storage,29-10-2022,10-05-2025,,
376,Blood Pressure Monitor 376,Medical equipment for patient care,Life Support,1,1,20008,Surgical Supplies Storage,07-08-2021,26-03-2025,,
377,Infusion Pump 377,Medical equipment for patient care,Surgical,1,1,20030,Laboratory Storage,10-02-2021,06-04-2025,,
378,Ventilator 378,Medical equipment for patient care,Life Support,1,1,20016,Medical Equipment Storage,08-07-2023,09-04-2025,,
379,ECG Machine 379,Medical equipment for patient care,Surgical,1,1,20046,Medical Equipment Storage,06-10-2024,24-04-2025,,
380,Defibrillator 380,Medical equipment for patient care,Life Support,1,1,20014,Emergency Equipment Storage,15-10-2020,23-05-2025,,
381,ECG Machine 381,Medical equipment for patient care,Diagnostic,1,1,20039,Emergency Equipment Storage,31-07-2020,29-05-2025,,
382,Pulse Oximeter 382,Medical equipment for patient care,Monitoring,1,1,20046,Medical Equipment Storage,15-03-2025,27-03-2025,,
383,Pulse Oximeter 383,Medical equipment for patient care,Monitoring,1,1,20014,Emergency Equipment Storage,29-05-2021,21-03-2025,,
384,Pulse Oximeter 384,Medical equipment for patient care,Surgical,1,1,20020,Laboratory Storage,02-10-2023,30-04-2025,,
385,Pulse Oximeter 385,Medical equipment for patient care,Diagnostic,1,1,20034,Emergency Equipment Storage,07-03-2023,04-05-2025,,
386,Ventilator 386,Medical equipment for patient care,Life Support,1,1,20034,Emergency Equipment Storage,19-02-2022,23-04-2025,,
387,Blood Pressure Monitor 387,Medical equipment for patient care,Surgical,1,1,20020,Laboratory Storage,27-10-2021,10-04-2025,,
388,ECG Machine 388,Medical equipment for patient care,Life Support,1,1,20027,Pharmaceutical Storage,03-07-2024,11-04-2025,,
389,Blood Pressure Monitor 389,Medical equipment for patient care,Monitoring,1,1,20030,Laboratory Storage,15-01-2023,19-05-2025,,
390,ECG Machine 390,Medical equipment for patient care,Life Support,1,1,20031,Medical Equipment Storage,24-12-2022,14-03-2025,,
391,Defibrillator 391,Medical equipment for patient care,Diagnostic,1,1,20017,Pharmaceutical Storage,04-03-2023,13-05-2025,,
392,Defibrillator 392,Medical equipment for patient care,Monitoring,1,1,20044,Emergency Equipment Storage,14-08-2024,21-05-2025,,
393,Blood Pressure Monitor 393,Medical equipment for patient care,Diagnostic,1,1,20004,Emergency Equipment Storage,21-10-2020,01-05-2025,,
394,Ventilator 394,Medical equipment for patient care,Surgical,1,1,20035,Laboratory Storage,12-01-2021,17-04-2025,,
395,Stethoscope 395,Medical equipment for patient care,Diagnostic,1,1,20036,Medical Equipment Storage,21-06-2022,03-06-2025,,
396,Blood Pressure Monitor 396,Medical equipment for patient care,Surgical,1,1,20013,Surgical Supplies Storage,17-10-2020,24-03-2025,,
397,ECG Machine 397,Medical equipment for patient care,Diagnostic,1,1,20006,Medical Equipment Storage,30-01-2022,23-04-2025,,
398,ECG Machine 398,Medical equipment for patient care,Monitoring,1,1,20006,Medical Equipment Storage,19-09-2020,02-06-2025,,
399,Pulse Oximeter 399,Medical equipment for patient care,Monitoring,1,1,20010,Laboratory Storage,10-09-2022,02-06-2025,,
400,Stethoscope 400,Medical equipment for patient care,Diagnostic,1,1,20018,Surgical Supplies Storage,29-01-2021,02-06-2025,,
401,Blood Pressure Monitor 401,Medical equipment for patient care,Surgical,1,1,20029,Emergency Equipment Storage,02-10-2024,13-04-2025,,
402,Stethoscope 402,Medical equipment for patient care,Surgical,1,1,20017,Pharmaceutical Storage,19-10-2023,03-04-2025,,
403,ECG Machine 403,Medical equipment for patient care,Diagnostic,1,1,20030,Laboratory Storage,15-10-2024,11-03-2025,,
404,Ventilator 404,Medical equipment for patient care,Diagnostic,1,1,20049,Emergency Equipment Storage,05-12-2020,24-04-2025,,
405,Defibrillator 405,Medical equipment for patient care,Monitoring,1,1,20002,Pharmaceutical Storage,31-08-2023,29-03-2025,,
406,Stethoscope 406,Medical equipment for patient care,Life Support,1,1,20014,Emergency Equipment Storage,02-07-2022,13-05-2025,,
407,Ventilator 407,Medical equipment for patient care,Diagnostic,1,1,20016,Medical Equipment Storage,05-06-2023,10-05-2025,,
408,ECG Machine 408,Medical equipment for patient care,Monitoring,1,1,20039,Emergency Equipment Storage,05-12-2020,25-04-2025,,
409,Defibrillator 409,Medical equipment for patient care,Diagnostic,1,1,20007,Pharmaceutical Storage,25-06-2023,19-05-2025,,
410,Blood Pressure Monitor 410,Medical equipment for patient care,Diagnostic,1,1,20031,Medical Equipment Storage,29-08-2020,04-04-2025,,
411,Defibrillator 411,Medical equipment for patient care,Life Support,1,1,20023,Surgical Supplies Storage,18-03-2024,02-06-2025,,
412,Thermometer 412,Medical equipment for patient care,Diagnostic,1,1,20036,Medical Equipment Storage,28-10-2020,29-04-2025,,
413,Ventilator 413,Medical equipment for patient care,Life Support,1,1,20016,Medical Equipment Storage,09-05-2021,11-05-2025,,
414,Pulse Oximeter 414,Medical equipment for patient care,Monitoring,1,1,20019,Emergency Equipment Storage,18-02-2022,30-03-2025,,
415,Ventilator 415,Medical equipment for patient care,Life Support,1,1,20035,Laboratory Storage,01-09-2021,28-05-2025,,
416,Ventilator 416,Medical equipment for patient care,Diagnostic,1,1,20044,Emergency Equipment Storage,23-04-2025,16-04-2025,,
417,Thermometer 417,Medical equipment for patient care,Monitoring,1,1,20005,Laboratory Storage,13-01-2021,30-05-2025,,
418,Pulse Oximeter 418,Medical equipment for patient care,Monitoring,1,1,20008,Surgical Supplies Storage,01-01-2021,14-04-2025,,
419,Thermometer 419,Medical equipment for patient care,Life Support,1,1,20019,Emergency Equipment Storage,16-04-2025,27-03-2025,,
420,Blood Pressure Monitor 420,Medical equipment for patient care,Surgical,1,1,20038,Surgical Supplies Storage,25-06-2022,25-03-2025,,
421,Ventilator 421,Medical equipment for patient care,Monitoring,1,1,20022,Pharmaceutical Storage,11-03-2025,07-03-2025,,
422,Thermometer 422,Medical equipment for patient care,Diagnostic,1,1,20001,Medical Equipment Storage,06-03-2024,20-03-2025,,
423,Pulse Oximeter 423,Medical equipment for patient care,Diagnostic,1,1,20001,Medical Equipment Storage,28-01-2024,04-05-2025,,
424,Infusion Pump 424,Medical equipment for patient care,Diagnostic,1,1,20030,Laboratory Storage,10-08-2024,17-05-2025,,
425,Thermometer 425,Medical equipment for patient care,Life Support,1,1,20031,Medical Equipment Storage,08-11-2022,21-05-2025,,
426,Ventilator 426,Medical equipment for patient care,Diagnostic,1,1,20036,Medical Equipment Storage,29-04-2024,15-04-2025,,
427,Thermometer 427,Medical equipment for patient care,Surgical,1,1,20035,Laboratory Storage,21-06-2024,26-04-2025,,
428,Ventilator 428,Medical equipment for patient care,Surgical,1,1,20045,Laboratory Storage,04-08-2021,12-04-2025,,
429,Blood Pressure Monitor 429,Medical equipment for patient care,Surgical,1,1,20031,Medical Equipment Storage,23-06-2023,15-04-2025,,
430,Infusion Pump 430,Medical equipment for patient care,Monitoring,1,1,20023,Surgical Supplies Storage,30-05-2021,15-05-2025,,
431,Defibrillator 431,Medical equipment for patient care,Life Support,1,1,20019,Emergency Equipment Storage,18-04-2023,08-05-2025,,
432,ECG Machine 432,Medical equipment for patient care,Monitoring,1,1,20015,Laboratory Storage,25-08-2021,14-03-2025,,
433,Infusion Pump 433,Medical equipment for patient care,Surgical,1,1,20008,Surgical Supplies Storage,06-02-2024,31-03-2025,,
434,Blood Pressure Monitor 434,Medical equipment for patient care,Surgical,1,1,20028,Surgical Supplies Storage,31-05-2023,07-04-2025,,
435,Thermometer 435,Medical equipment for patient care,Monitoring,1,1,20027,Pharmaceutical Storage,01-10-2022,13-03-2025,,
436,Blood Pressure Monitor 436,Medical equipment for patient care,Diagnostic,1,1,20032,Pharmaceutical Storage,12-02-2022,25-03-2025,,
437,Stethoscope 437,Medical equipment for patient care,Surgical,1,1,20016,Medical Equipment Storage,09-07-2020,05-05-2025,,
438,Ventilator 438,Medical equipment for patient care,Diagnostic,1,1,20044,Emergency Equipment Storage,20-07-2024,18-05-2025,,
439,Stethoscope 439,Medical equipment for patient care,Monitoring,1,1,20018,Surgical Supplies Storage,20-10-2020,08-05-2025,,
440,Pulse Oximeter 440,Medical equipment for patient care,Life Support,1,1,20017,Pharmaceutical Storage,07-02-2023,15-04-2025,,
441,ECG Machine 441,Medical equipment for patient care,Monitoring,1,1,20045,Laboratory Storage,20-10-2024,20-04-2025,,
442,Stethoscope 442,Medical equipment for patient care,Diagnostic,1,1,20003,Surgical Supplies Storage,28-09-2024,02-04-2025,,
443,Pulse Oximeter 443,Medical equipment for patient care,Surgical,1,1,20002,Pharmaceutical Storage,28-01-2024,30-04-2025,,
444,Pulse Oximeter 444,Medical equipment for patient care,Life Support,1,1,20013,Surgical Supplies Storage,11-08-2022,04-05-2025,,
445,Ventilator 445,Medical equipment for patient care,Surgical,1,1,20037,Pharmaceutical Storage,27-04-2023,09-03-2025,,
446,ECG Machine 446,Medical equipment for patient care,Surgical,1,1,20027,Pharmaceutical Storage,11-07-2022,24-05-2025,,
447,Blood Pressure Monitor 447,Medical equipment for patient care,Monitoring,1,1,20014,Emergency Equipment Storage,11-11-2023,27-04-2025,,
448,Infusion Pump 448,Medical equipment for patient care,Diagnostic,1,1,20023,Surgical Supplies Storage,23-01-2024,30-03-2025,,
449,Defibrillator 449,Medical equipment for patient care,Surgical,1,1,20041,Medical Equipment Storage,07-05-2022,03-05-2025,,
450,Pulse Oximeter 450,Medical equipment for patient care,Surgical,1,1,20045,Laboratory Storage,04-01-2024,22-03-2025,,
451,Stethoscope 451,Medical equipment for patient care,Surgical,1,1,20049,Emergency Equipment Storage,04-07-2021,14-04-2025,,
452,Defibrillator 452,Medical equipment for patient care,Life Support,1,1,20050,Laboratory Storage,01-07-2024,15-04-2025,,
453,Blood Pressure Monitor 453,Medical equipment for patient care,Diagnostic,1,1,20037,Pharmaceutical Storage,24-11-2023,31-05-2025,,
454,Infusion Pump 454,Medical equipment for patient care,Life Support,1,1,20002,Pharmaceutical Storage,03-03-2024,16-03-2025,,
455,Infusion Pump 455,Medical equipment for patient care,Diagnostic,1,1,20037,Pharmaceutical Storage,03-12-2021,29-05-2025,,
456,Pulse Oximeter 456,Medical equipment for patient care,Monitoring,1,1,20038,Surgical Supplies Storage,22-02-2025,31-03-2025,,
457,Defibrillator 457,Medical equipment for patient care,Life Support,1,1,20014,Emergency Equipment Storage,28-06-2023,19-05-2025,,
458,Blood Pressure Monitor 458,Medical equipment for patient care,Life Support,1,1,20038,Surgical Supplies Storage,26-04-2024,26-04-2025,,
459,Thermometer 459,Medical equipment for patient care,Diagnostic,1,1,20004,Emergency Equipment Storage,04-04-2022,11-04-2025,,
460,Ventilator 460,Medical equipment for patient care,Diagnostic,1,1,20013,Surgical Supplies Storage,08-12-2022,26-05-2025,,
461,Stethoscope 461,Medical equipment for patient care,Life Support,1,1,20048,Surgical Supplies Storage,15-07-2021,14-05-2025,,
462,ECG Machine 462,Medical equipment for patient care,Monitoring,1,1,20030,Laboratory Storage,16-04-2025,20-03-2025,,
463,Pulse Oximeter 463,Medical equipment for patient care,Life Support,1,1,20024,Emergency Equipment Storage,20-07-2021,22-03-2025,,
464,Defibrillator 464,Medical equipment for patient care,Monitoring,1,1,20005,Laboratory Storage,23-06-2022,18-05-2025,,
465,Pulse Oximeter 465,Medical equipment for patient care,Surgical,1,1,20044,Emergency Equipment Storage,14-09-2024,15-05-2025,,
466,Blood Pressure Monitor 466,Medical equipment for patient care,Life Support,1,1,20028,Surgical Supplies Storage,03-09-2024,29-05-2025,,
467,Ventilator 467,Medical equipment for patient care,Life Support,1,1,20047,Pharmaceutical Storage,21-02-2022,12-05-2025,,
468,Infusion Pump 468,Medical equipment for patient care,Monitoring,1,1,20046,Medical Equipment Storage,14-07-2024,19-04-2025,,
469,Stethoscope 469,Medical equipment for patient care,Monitoring,1,1,20008,Surgical Supplies Storage,23-10-2024,01-06-2025,,
470,Defibrillator 470,Medical equipment for patient care,Diagnostic,1,1,20030,Laboratory Storage,02-05-2022,28-05-2025,,
471,Stethoscope 471,Medical equipment for patient care,Surgical,1,1,20027,Pharmaceutical Storage,23-02-2023,24-05-2025,,
472,Blood Pressure Monitor 472,Medical equipment for patient care,Surgical,1,1,20016,Medical Equipment Storage,02-04-2021,14-03-2025,,
473,Thermometer 473,Medical equipment for patient care,Surgical,1,1,20014,Emergency Equipment Storage,28-06-2023,08-05-2025,,
474,Ventilator 474,Medical equipment for patient care,Life Support,1,1,20050,Laboratory Storage,09-02-2023,02-05-2025,,
475,Infusion Pump 475,Medical equipment for patient care,Surgical,1,1,20024,Emergency Equipment Storage,29-06-2024,27-03-2025,,
476,Ventilator 476,Medical equipment for patient care,Surgical,1,1,20039,Emergency Equipment Storage,20-05-2024,01-04-2025,,
477,Infusion Pump 477,Medical equipment for patient care,Diagnostic,1,1,20017,Pharmaceutical Storage,11-01-2025,09-03-2025,,
478,Pulse Oximeter 478,Medical equipment for patient care,Diagnostic,1,1,20036,Medical Equipment Storage,16-03-2021,19-04-2025,,
479,Blood Pressure Monitor 479,Medical equipment for patient care,Surgical,1,1,20016,Medical Equipment Storage,14-03-2023,27-05-2025,,
480,Thermometer 480,Medical equipment for patient care,Diagnostic,1,1,20038,Surgical Supplies Storage,22-08-2023,16-03-2025,,
481,Ventilator 481,Medical equipment for patient care,Surgical,1,1,20028,Surgical Supplies Storage,14-01-2021,08-03-2025,,
482,Blood Pressure Monitor 482,Medical equipment for patient care,Life Support,1,1,20008,Surgical Supplies Storage,13-05-2022,10-04-2025,,
483,Pulse Oximeter 483,Medical equipment for patient care,Life Support,1,1,20007,Pharmaceutical Storage,30-11-2024,19-05-2025,,
484,Ventilator 484,Medical equipment for patient care,Surgical,1,1,20020,Laboratory Storage,12-04-2025,14-04-2025,,
485,Defibrillator 485,Medical equipment for patient care,Life Support,1,1,20039,Emergency Equipment Storage,15-09-2020,16-05-2025,,
486,ECG Machine 486,Medical equipment for patient care,Life Support,1,1,20017,Pharmaceutical Storage,07-06-2024,21-05-2025,,
487,Stethoscope 487,Medical equipment for patient care,Life Support,1,1,20046,Medical Equipment Storage,10-07-2021,17-03-2025,,
488,Blood Pressure Monitor 488,Medical equipment for patient care,Surgical,1,1,20047,Pharmaceutical Storage,26-01-2025,14-05-2025,,
489,Stethoscope 489,Medical equipment for patient care,Surgical,1,1,20031,Medical Equipment Storage,14-08-2024,25-03-2025,,
490,Thermometer 490,Medical equipment for patient care,Life Support,1,1,20042,Pharmaceutical Storage,21-10-2020,10-03-2025,,
491,Thermometer 491,Medical equipment for patient care,Monitoring,1,1,20048,Surgical Supplies Storage,31-10-2020,19-04-2025,,
492,Blood Pressure Monitor 492,Medical equipment for patient care,Surgical,1,1,20016,Medical Equipment Storage,21-01-2022,19-05-2025,,
493,Pulse Oximeter 493,Medical equipment for patient care,Surgical,1,1,20032,Pharmaceutical Storage,03-08-2024,02-04-2025,,
494,Blood Pressure Monitor 494,Medical equipment for patient care,Life Support,1,1,20019,Emergency Equipment Storage,03-03-2021,09-04-2025,,
495,ECG Machine 495,Medical equipment for patient care,Life Support,1,1,20003,Surgical Supplies Storage,14-08-2020,04-04-2025,,
496,Defibrillator 496,Medical equipment for patient care,Monitoring,1,1,20038,Surgical Supplies Storage,01-05-2024,29-05-2025,,
497,ECG Machine 497,Medical equipment for patient care,Life Support,1,1,20026,Medical Equipment Storage,20-10-2022,16-05-2025,,
498,Pulse Oximeter 498,Medical equipment for patient care,Diagnostic,1,1,20041,Medical Equipment Storage,18-08-2020,22-03-2025,,
499,Stethoscope 499,Medical equipment for patient care,Monitoring,1,1,20023,Surgical Supplies Storage,13-10-2020,13-04-2025,,
500,Infusion Pump 500,Medical equipment for patient care,Monitoring,1,1,20031,Medical Equipment Storage,25-02-2021,20-03-2025,,
